<?xml version="1.0" encoding="UTF-8" standalone="no"?>
<folder dummy="true" handle="" name="ROOT" path="IBFS:">
    <folder dummy="true" handle="" name="SSYS" path="IBFS:/SSYS">
        <folder dummy="true" handle="" name="GROUPS" path="IBFS:/SSYS/GROUPS">
            <folder dummy="false" handle="" name="Getting_Started" path="IBFS:/SSYS/GROUPS/Getting_Started" users="">
                <folder dummy="false" handle="" name="AdvancedUsers" path="IBFS:/SSYS/GROUPS/Getting_Started/AdvancedUsers" users=""/>
                <folder dummy="false" handle="" name="Authors" path="IBFS:/SSYS/GROUPS/Getting_Started/Authors" users=""/>
                <folder dummy="false" handle="" name="BasicUsers" path="IBFS:/SSYS/GROUPS/Getting_Started/BasicUsers" users=""/>
                <folder dummy="false" handle="" name="Developers" path="IBFS:/SSYS/GROUPS/Getting_Started/Developers" users=""/>
                <folder dummy="false" handle="" name="GroupAdmins" path="IBFS:/SSYS/GROUPS/Getting_Started/GroupAdmins" users=""/>
            </folder>
        </folder>
        <folder dummy="true" handle="" name="ROLES" path="IBFS:/SSYS/ROLES">
            <item dummy="false" handle="" name="DomainAdvancedUser" path="IBFS:/SSYS/ROLES/DomainAdvancedUser"/>
            <item dummy="false" handle="" name="DomainAuthor" path="IBFS:/SSYS/ROLES/DomainAuthor"/>
            <item dummy="false" handle="" name="DomainBasicUser" path="IBFS:/SSYS/ROLES/DomainBasicUser"/>
            <item dummy="false" handle="" name="DomainDeveloper" path="IBFS:/SSYS/ROLES/DomainDeveloper"/>
            <item dummy="false" handle="" name="DomainDeveloperRestrictions" path="IBFS:/SSYS/ROLES/DomainDeveloperRestrictions"/>
            <item dummy="false" handle="" name="DomainGroupAdmin" path="IBFS:/SSYS/ROLES/DomainGroupAdmin"/>
            <item dummy="false" handle="" name="DomainGroupAdminRestrictions" path="IBFS:/SSYS/ROLES/DomainGroupAdminRestrictions"/>
        </folder>
    </folder>
    <folder dummy="true" handle="" name="WFC" path="IBFS:/WFC">
        <folder dummy="true" handle="" name="Repository" path="IBFS:/WFC/Repository">
            <folder dummy="false" handle="" name="Getting_Started" path="IBFS:/WFC/Repository/Getting_Started">
                <item dummy="false" handle="" name="Learn_WebFOCUS.url" path="IBFS:/WFC/Repository/Getting_Started/Learn_WebFOCUS.url"/>
                <folder dummy="false" handle="" name="Portals" path="IBFS:/WFC/Repository/Getting_Started/Portals">
                    <folder dummy="false" handle="" name="Sales_Portal" path="IBFS:/WFC/Repository/Getting_Started/Portals/Sales_Portal">
                        <folder dummy="false" handle="" name="Revenue_Dashboard" path="IBFS:/WFC/Repository/Getting_Started/Portals/Sales_Portal/Revenue_Dashboard">
                            <item dummy="false" handle="" name="custom.css" path="IBFS:/WFC/Repository/Getting_Started/Portals/Sales_Portal/Revenue_Dashboard/custom.css"/>
                            <item dummy="false" handle="" name="custom.js" path="IBFS:/WFC/Repository/Getting_Started/Portals/Sales_Portal/Revenue_Dashboard/custom.js"/>
                            <item dummy="false" handle="" name="document.fex" path="IBFS:/WFC/Repository/Getting_Started/Portals/Sales_Portal/Revenue_Dashboard/document.fex"/>
                            <item dummy="false" handle="" name="page.man" path="IBFS:/WFC/Repository/Getting_Started/Portals/Sales_Portal/Revenue_Dashboard/page.man"/>
                            <item dummy="false" handle="" name="page.prop" path="IBFS:/WFC/Repository/Getting_Started/Portals/Sales_Portal/Revenue_Dashboard/page.prop"/>
                        </folder>
                        <item dummy="false" handle="" name="lnk3469559923" path="IBFS:/WFC/Repository/Getting_Started/Portals/Sales_Portal/lnk3469559923"/>
                        <item dummy="false" handle="" name="portal.man" path="IBFS:/WFC/Repository/Getting_Started/Portals/Sales_Portal/portal.man"/>
                    </folder>
                </folder>
                <folder dummy="false" handle="" name="Visualizations" path="IBFS:/WFC/Repository/Getting_Started/Visualizations">
                    <item dummy="false" handle="" name="discount_by_category.fex" path="IBFS:/WFC/Repository/Getting_Started/Visualizations/discount_by_category.fex"/>
                    <item dummy="false" handle="" name="outlier_analysis.fex" path="IBFS:/WFC/Repository/Getting_Started/Visualizations/outlier_analysis.fex"/>
                    <item dummy="false" handle="" name="profitability_analysis.fex" path="IBFS:/WFC/Repository/Getting_Started/Visualizations/profitability_analysis.fex"/>
                    <item dummy="false" handle="" name="revenue_by_category.fex" path="IBFS:/WFC/Repository/Getting_Started/Visualizations/revenue_by_category.fex"/>
                    <item dummy="false" handle="" name="revenue_flow.fex" path="IBFS:/WFC/Repository/Getting_Started/Visualizations/revenue_flow.fex"/>
                    <item dummy="false" handle="" name="revenue_over_time.fex" path="IBFS:/WFC/Repository/Getting_Started/Visualizations/revenue_over_time.fex"/>
                    <item dummy="false" handle="" name="store_rankings.fex" path="IBFS:/WFC/Repository/Getting_Started/Visualizations/store_rankings.fex"/>
                </folder>
                <item dummy="false" handle="" name="explore_sales_data.fex" path="IBFS:/WFC/Repository/Getting_Started/explore_sales_data.fex"/>
                <folder dummy="false" handle="" name="profit_dashboard" path="IBFS:/WFC/Repository/Getting_Started/profit_dashboard">
                    <item dummy="false" handle="" name="custom.css" path="IBFS:/WFC/Repository/Getting_Started/profit_dashboard/custom.css"/>
                    <item dummy="false" handle="" name="custom.js" path="IBFS:/WFC/Repository/Getting_Started/profit_dashboard/custom.js"/>
                    <item dummy="false" handle="" name="page.man" path="IBFS:/WFC/Repository/Getting_Started/profit_dashboard/page.man"/>
                    <item dummy="false" handle="" name="page.prop" path="IBFS:/WFC/Repository/Getting_Started/profit_dashboard/page.prop"/>
                </folder>
            </folder>
        </folder>
    </folder>
</folder>
