<?xml version="1.0" encoding="UTF-8" standalone="no"?><rootObject _jt="ArrayList" size="7"><item class="com.ibi.ibfs.impex.IBFSImpExObject" dummy="false" fromSecurity="true" index="0"><resource _jt="IBFSRuleObject" compLvl="9999" dummy="false" length="0" pSetName="DomainAdvancedUser" resPathName="IBFS:/WFC/Repository/Getting_Started" subject="Getting_Started/AdvancedUsers" subjectType="G" type="Rule"><verb _jt="IBSSVerb" name="PERMIT"/><applyTo class="com.ibi.ibss.IBSSApplyTo" name="FOLDER_AND_CHILDREN"/></resource><children class="java.util.TreeMap"/></item><item class="com.ibi.ibfs.impex.IBFSImpExObject" dummy="false" fromSecurity="true" index="1"><resource _jt="IBFSRuleObject" compLvl="9999" dummy="false" length="0" pSetName="DomainAuthor" resPathName="IBFS:/WFC/Repository/Getting_Started" subject="Getting_Started/Authors" subjectType="G" type="Rule"><verb _jt="IBSSVerb" name="PERMIT"/><applyTo class="com.ibi.ibss.IBSSApplyTo" name="FOLDER_AND_CHILDREN"/></resource><children class="java.util.TreeMap"/></item><item class="com.ibi.ibfs.impex.IBFSImpExObject" dummy="false" fromSecurity="true" index="2"><resource _jt="IBFSRuleObject" compLvl="9999" dummy="false" length="0" pSetName="DomainBasicUser" resPathName="IBFS:/WFC/Repository/Getting_Started" subject="Getting_Started/BasicUsers" subjectType="G" type="Rule"><verb _jt="IBSSVerb" name="PERMIT"/><applyTo class="com.ibi.ibss.IBSSApplyTo" name="FOLDER_AND_CHILDREN"/></resource><children class="java.util.TreeMap"/></item><item class="com.ibi.ibfs.impex.IBFSImpExObject" dummy="false" fromSecurity="true" index="3"><resource _jt="IBFSRuleObject" compLvl="9999" dummy="false" length="0" pSetName="DomainDeveloper" resPathName="IBFS:/WFC/Repository/Getting_Started" subject="Getting_Started/Developers" subjectType="G" type="Rule"><verb _jt="IBSSVerb" name="PERMIT"/><applyTo class="com.ibi.ibss.IBSSApplyTo" name="FOLDER_AND_CHILDREN"/></resource><children class="java.util.TreeMap"/></item><item class="com.ibi.ibfs.impex.IBFSImpExObject" dummy="false" fromSecurity="true" index="4"><resource _jt="IBFSRuleObject" compLvl="9999" dummy="false" length="0" pSetName="DomainDeveloperRestrictions" resPathName="IBFS:/WFC/Repository/Getting_Started" subject="Getting_Started/Developers" subjectType="G" type="Rule"><verb _jt="IBSSVerb" name="DENY"/><applyTo class="com.ibi.ibss.IBSSApplyTo" name="FOLDER_ONLY"/></resource><children class="java.util.TreeMap"/></item><item class="com.ibi.ibfs.impex.IBFSImpExObject" dummy="false" fromSecurity="true" index="5"><resource _jt="IBFSRuleObject" compLvl="9999" dummy="false" length="0" pSetName="DomainGroupAdmin" resPathName="IBFS:/WFC/Repository/Getting_Started" subject="Getting_Started/GroupAdmins" subjectType="G" type="Rule"><verb _jt="IBSSVerb" name="PERMIT"/><applyTo class="com.ibi.ibss.IBSSApplyTo" name="FOLDER_AND_CHILDREN"/></resource><children class="java.util.TreeMap"/></item><item class="com.ibi.ibfs.impex.IBFSImpExObject" dummy="false" fromSecurity="true" index="6"><resource _jt="IBFSRuleObject" compLvl="9999" dummy="false" length="0" pSetName="DomainGroupAdminRestrictions" resPathName="IBFS:/WFC/Repository/Getting_Started" subject="Getting_Started/GroupAdmins" subjectType="G" type="Rule"><verb _jt="IBSSVerb" name="DENY"/><applyTo class="com.ibi.ibss.IBSSApplyTo" name="FOLDER_ONLY"/></resource><children class="java.util.TreeMap"/></item></rootObject>