<?xml version="1.0" encoding="UTF-8" standalone="no"?><rootObject _jt="ArrayList" size="13"><item class="com.ibi.ibfs.objects.IBFSUserGroupMapping" dummy="false" groupFullPath="IBFS:/SSYS/GROUPS/Getting_Started" index="0" length="0" type="unknownType"><userNames _jt="ArrayList" size="0"/></item><item class="com.ibi.ibfs.objects.IBFSUserGroupMapping" dummy="false" groupFullPath="IBFS:/SSYS/GROUPS/Getting_Started/AdvancedUsers" index="1" length="0" type="unknownType"><userNames _jt="ArrayList" size="0"/></item><item class="com.ibi.ibfs.objects.IBFSUserGroupMapping" dummy="false" groupFullPath="IBFS:/SSYS/GROUPS/Getting_Started/Authors" index="2" length="0" type="unknownType"><userNames _jt="ArrayList" size="0"/></item><item class="com.ibi.ibfs.objects.IBFSUserGroupMapping" dummy="false" groupFullPath="IBFS:/SSYS/GROUPS/Getting_Started/BasicUsers" index="3" length="0" type="unknownType"><userNames _jt="ArrayList" size="0"/></item><item class="com.ibi.ibfs.objects.IBFSUserGroupMapping" dummy="false" groupFullPath="IBFS:/SSYS/GROUPS/Getting_Started/Developers" index="4" length="0" type="unknownType"><userNames _jt="ArrayList" size="0"/></item><item class="com.ibi.ibfs.objects.IBFSUserGroupMapping" dummy="false" groupFullPath="IBFS:/SSYS/GROUPS/Getting_Started/GroupAdmins" index="5" length="0" type="unknownType"><userNames _jt="ArrayList" size="0"/></item><item class="com.ibi.ibfs.objects.IBFSUserGroupMapping" dummy="false" groupFullPath="IBFS:/SSYS/GROUPS/Getting_Started/AdvancedUsers" index="6" length="0" type="unknownType"><userNames _jt="ArrayList" size="0"/></item><item class="com.ibi.ibfs.objects.IBFSUserGroupMapping" dummy="false" groupFullPath="IBFS:/SSYS/GROUPS/Getting_Started/Authors" index="7" length="0" type="unknownType"><userNames _jt="ArrayList" size="0"/></item><item class="com.ibi.ibfs.objects.IBFSUserGroupMapping" dummy="false" groupFullPath="IBFS:/SSYS/GROUPS/Getting_Started/BasicUsers" index="8" length="0" type="unknownType"><userNames _jt="ArrayList" size="0"/></item><item class="com.ibi.ibfs.objects.IBFSUserGroupMapping" dummy="false" groupFullPath="IBFS:/SSYS/GROUPS/Getting_Started/Developers" index="9" length="0" type="unknownType"><userNames _jt="ArrayList" size="0"/></item><item class="com.ibi.ibfs.objects.IBFSUserGroupMapping" dummy="false" groupFullPath="IBFS:/SSYS/GROUPS/Getting_Started/Developers" index="10" length="0" type="unknownType"><userNames _jt="ArrayList" size="0"/></item><item class="com.ibi.ibfs.objects.IBFSUserGroupMapping" dummy="false" groupFullPath="IBFS:/SSYS/GROUPS/Getting_Started/GroupAdmins" index="11" length="0" type="unknownType"><userNames _jt="ArrayList" size="0"/></item><item class="com.ibi.ibfs.objects.IBFSUserGroupMapping" dummy="false" groupFullPath="IBFS:/SSYS/GROUPS/Getting_Started/GroupAdmins" index="12" length="0" type="unknownType"><userNames _jt="ArrayList" size="0"/></item></rootObject>